transaction_id,gateway_transaction_id,transaction_date,amount_inr,fee_inr,currency
TXN-000001,GW-000001,2025-03-03,82000,0,INR
TXN-000002,GW-000002,2025-05-24,206500,3717,INR
TXN-000003,GW-000003,2025-05-07,200600,0,INR
TXN-000004,GW-000004,2025-05-19,143900,0,INR
TXN-000005,GW-000005,2025-09-22,109350,0,INR
TXN-000005,GW-DUP-000005,2025-09-22,109350,0,INR
TXN-000006,GW-000006,2025-09-30,113150,0,INR
TXN-000007,GW-000007,2025-12-15,54900,0,INR
TXN-000008,GW-000008,2025-06-07,201450,0,INR
TXN-000009,GW-000009,2025-01-28,80600,1451,INR
TXN-000010,GW-000010,2025-07-29,109550,0,INR
TXN-000011,GW-000011,2025-10-20,98850,0,INR
TXN-000012,GW-000012,2025-05-17,37200,0,INR
TXN-000012,GW-DUP-000012,2025-05-17,37200,0,INR
TXN-000013,GW-000013,2025-07-17,230850,0,INR
TXN-000014,GW-000014,2025-01-07,153000,0,INR
TXN-000015,GW-000015,2025-10-02,208450,0,INR
TXN-000016,GW-000016,2025-04-02,54850,987,INR
TXN-000017,GW-000017,2025-07-27,103300,0,INR
TXN-000018,GW-000018,2025-03-08,36600,0,INR
TXN-000019,GW-000019,2025-10-05,139250,0,INR
TXN-000019,GW-DUP-000019,2025-10-05,139250,0,INR
TXN-000020,GW-000020,2025-08-26,221000,0,INR
TXN-000021,GW-000021,2025-02-01,139700,0,INR
TXN-000022,GW-000022,2025-08-10,179750,0,INR
TXN-000023,GW-000023,2025-11-06,81850,1473,INR
TXN-000024,GW-000024,2025-10-12,100050,0,INR
TXN-000025,GW-000025,2025-10-27,26550,0,INR
TXN-000026,GW-000026,2025-07-18,186550,0,INR
TXN-000026,GW-DUP-000026,2025-07-18,186550,0,INR
TXN-000027,GW-000027,2025-04-19,208650,0,INR
TXN-000028,GW-000028,2025-11-06,207050,0,INR
TXN-000029,GW-000029,2025-03-12,57750,0,INR
TXN-000030,GW-000030,2025-03-10,194200,3496,INR
TXN-000031,GW-000031,2025-12-03,13350,0,INR
TXN-000032,GW-000032,2025-09-11,220600,0,INR
TXN-000033,GW-000033,2025-04-06,133250,0,INR
TXN-000033,GW-DUP-000033,2025-04-06,133250,0,INR
TXN-000034,GW-000034,2025-02-12,189600,0,INR
TXN-000035,GW-000035,2025-03-26,244200,0,INR
TXN-000036,GW-000036,2025-08-03,76500,0,INR
TXN-000037,GW-000037,2025-01-10,94250,1696,INR
TXN-000038,GW-000038,2025-02-28,229750,0,INR
TXN-000039,GW-000039,2025-07-05,3200,0,INR
TXN-000040,GW-000040,2025-03-07,120900,0,INR
TXN-000040,GW-DUP-000040,2025-03-07,120900,0,INR
TXN-000041,GW-000041,2025-03-19,148350,0,INR
TXN-000042,GW-000042,2025-03-05,202450,0,INR
TXN-000043,GW-000043,2025-09-11,87150,0,INR
TXN-000044,GW-000044,2025-07-09,142900,2572,INR
TXN-000045,GW-000045,2025-11-28,83300,0,INR
TXN-000046,GW-000046,2025-12-27,16300,0,INR
TXN-000047,GW-000047,2025-09-19,196800,0,INR
TXN-000047,GW-DUP-000047,2025-09-19,196800,0,INR
TXN-000048,GW-000048,2025-03-30,147250,0,INR
TXN-000049,GW-000049,2025-07-23,136550,0,INR
TXN-000050,GW-000050,2025-07-15,57050,0,INR
TXN-000051,GW-000051,2025-01-15,102300,1841,INR
TXN-000052,GW-000052,2025-11-20,48850,0,INR
TXN-000053,GW-000053,2025-07-19,14550,0,INR
TXN-000054,GW-000054,2025-03-04,32900,0,INR
TXN-000054,GW-DUP-000054,2025-03-04,32900,0,INR
TXN-000055,GW-000055,2025-10-23,55150,0,INR
TXN-000056,GW-000056,2025-12-26,45100,0,INR
TXN-000057,GW-000057,2025-10-08,64750,0,INR
TXN-000058,GW-000058,2025-09-04,165850,2985,INR
TXN-000059,GW-000059,2025-08-03,155700,0,INR
TXN-000060,GW-000060,2025-02-01,162450,0,INR
TXN-000061,GW-000061,2025-03-16,121800,0,INR
TXN-000061,GW-DUP-000061,2025-03-16,121800,0,INR
TXN-000062,GW-000062,2025-03-15,237200,0,INR
TXN-000063,GW-000063,2025-08-04,58250,0,INR
TXN-000064,GW-000064,2025-09-14,146750,0,INR
TXN-000065,GW-000065,2025-01-26,77500,1395,INR
TXN-000066,GW-000066,2025-12-23,130300,0,INR
TXN-000067,GW-000067,2025-12-21,23150,0,INR
TXN-000068,GW-000068,2025-05-10,70750,0,INR
TXN-000068,GW-DUP-000068,2025-05-10,70750,0,INR
TXN-000069,GW-000069,2025-02-16,32500,0,INR
TXN-000070,GW-000070,2025-09-28,12900,0,INR
TXN-000071,GW-000071,2025-01-06,111200,0,INR
TXN-000072,GW-000072,2025-09-03,168150,3027,INR
TXN-000073,GW-000073,2025-03-03,122200,0,INR
TXN-000074,GW-000074,2025-05-05,104550,0,INR
TXN-000075,GW-000075,2025-12-25,10950,0,INR
TXN-000075,GW-DUP-000075,2025-12-25,10950,0,INR
TXN-000076,GW-000076,2025-03-20,191950,0,INR
TXN-000077,GW-000077,2025-04-26,206250,0,INR
TXN-000078,GW-000078,2025-10-25,150950,0,INR
TXN-000079,GW-000079,2025-11-28,160450,2888,INR
TXN-000080,GW-000080,2025-04-15,152700,0,INR
TXN-000081,GW-000081,2025-09-27,46500,0,INR
TXN-000082,GW-000082,2025-10-23,108100,0,INR
TXN-000082,GW-DUP-000082,2025-10-23,108100,0,INR
TXN-000083,GW-000083,2025-10-12,195550,0,INR
TXN-000084,GW-000084,2025-07-18,108950,0,INR
TXN-000085,GW-000085,2025-04-17,103850,0,INR
TXN-000086,GW-000086,2025-08-11,209000,3762,INR
TXN-000087,GW-000087,2025-10-21,172900,0,INR
TXN-000088,GW-000088,2025-04-02,158400,0,INR
TXN-000089,GW-000089,2025-02-03,77900,0,INR
TXN-000089,GW-DUP-000089,2025-02-03,77900,0,INR
TXN-000090,GW-000090,2025-11-01,122750,0,INR
TXN-000091,GW-000091,2025-03-05,123950,0,INR
TXN-000092,GW-000092,2025-01-17,112950,0,INR
TXN-000093,GW-000093,2025-07-15,49450,890,INR
TXN-000094,GW-000094,2025-09-27,175150,0,INR
TXN-000095,GW-000095,2025-03-25,130600,0,INR
TXN-000096,GW-000096,2025-10-17,238450,0,INR
TXN-000096,GW-DUP-000096,2025-10-17,238450,0,INR
TXN-000097,GW-000097,2025-10-01,213850,0,INR
TXN-000098,GW-000098,2025-02-11,81500,0,INR
TXN-000099,GW-000099,2025-06-20,103550,0,INR
TXN-000100,GW-000100,2025-04-21,224550,4042,INR
TXN-000101,GW-000101,2025-04-25,133650,0,INR
TXN-000102,GW-000102,2025-06-23,73400,0,INR
TXN-000103,GW-000103,2025-07-08,233750,0,INR
TXN-000103,GW-DUP-000103,2025-07-08,233750,0,INR
TXN-000104,GW-000104,2025-01-23,52450,0,INR
TXN-000105,GW-000105,2025-02-25,66900,0,INR
TXN-000106,GW-000106,2025-06-30,243950,0,INR
TXN-000107,GW-000107,2025-07-29,5300,95,INR
TXN-000108,GW-000108,2025-06-15,88150,0,INR
TXN-000109,GW-000109,2025-08-26,1900,0,INR
TXN-000110,GW-000110,2025-03-09,221750,0,INR
TXN-000110,GW-DUP-000110,2025-03-09,221750,0,INR
TXN-000111,GW-000111,2025-05-29,21750,0,INR
TXN-000112,GW-000112,2025-01-16,56850,0,INR
TXN-000113,GW-000113,2025-05-06,71400,0,INR
TXN-000114,GW-000114,2025-01-12,10200,184,INR
TXN-000115,GW-000115,2025-12-27,8200,0,INR
TXN-000116,GW-000116,2025-07-31,107550,0,INR
TXN-000117,GW-000117,2025-10-12,232650,0,INR
TXN-000117,GW-DUP-000117,2025-10-12,232650,0,INR
TXN-000118,GW-000118,2025-06-13,41600,0,INR
TXN-000119,GW-000119,2025-05-17,229550,0,INR
TXN-000120,GW-000120,2025-02-05,165700,0,INR
TXN-000121,GW-000121,2025-02-04,83750,1507,INR
TXN-000122,GW-000122,2025-10-07,81350,0,INR
TXN-000123,GW-000123,2025-02-07,118900,0,INR
TXN-000124,GW-000124,2025-11-16,44150,0,INR
TXN-000124,GW-DUP-000124,2025-11-16,44150,0,INR
TXN-000125,GW-000125,2025-03-18,104200,0,INR
TXN-000126,GW-000126,2025-09-18,115200,0,INR
TXN-000127,GW-000127,2025-04-01,78200,0,INR
TXN-000128,GW-000128,2025-05-01,107950,1943,INR
TXN-000129,GW-000129,2025-05-02,206200,0,INR
TXN-000130,GW-000130,2025-06-22,57600,0,INR
TXN-000131,GW-000131,2025-06-07,192500,0,INR
TXN-000131,GW-DUP-000131,2025-06-07,192500,0,INR
TXN-000132,GW-000132,2025-04-13,191250,0,INR
TXN-000133,GW-000133,2025-10-11,83800,0,INR
TXN-000134,GW-000134,2025-04-30,132400,0,INR
TXN-000135,GW-000135,2025-08-17,190850,3435,INR
TXN-000136,GW-000136,2025-10-12,71750,0,INR
TXN-000137,GW-000137,2025-04-14,187300,0,INR
TXN-000138,GW-000138,2025-05-25,68450,0,INR
TXN-000138,GW-DUP-000138,2025-05-25,68450,0,INR
TXN-000139,GW-000139,2025-10-05,209350,0,INR
TXN-000140,GW-000140,2025-11-21,99350,0,INR
TXN-000141,GW-000141,2025-07-17,164050,0,INR
TXN-000142,GW-000142,2025-07-14,221600,3989,INR
TXN-000143,GW-000143,2025-09-15,36600,0,INR
TXN-000144,GW-000144,2025-01-06,73750,0,INR
TXN-000145,GW-000145,2025-04-04,215950,0,INR
TXN-000145,GW-DUP-000145,2025-04-04,215950,0,INR
TXN-000146,GW-000146,2025-08-04,138350,0,INR
TXN-000147,GW-000147,2025-10-03,94400,0,INR
TXN-000148,GW-000148,2025-11-05,233500,0,INR
TXN-000149,GW-000149,2025-09-09,77800,1400,INR
TXN-000150,GW-000150,2025-01-08,11500,0,INR
TXN-000151,GW-000151,2025-08-07,237700,0,INR
TXN-000152,GW-000152,2025-11-28,50450,0,INR
TXN-000152,GW-DUP-000152,2025-11-28,50450,0,INR
TXN-000153,GW-000153,2025-06-18,9550,0,INR
TXN-000154,GW-000154,2025-05-09,57000,0,INR
TXN-000155,GW-000155,2025-02-18,135000,0,INR
TXN-000156,GW-000156,2025-07-29,218250,3928,INR
TXN-000157,GW-000157,2025-01-06,106600,0,INR
TXN-000158,GW-000158,2025-05-22,144100,0,INR
TXN-000159,GW-000159,2025-01-31,103300,0,INR
TXN-000159,GW-DUP-000159,2025-01-31,103300,0,INR
TXN-000160,GW-000160,2025-12-25,167000,0,INR
TXN-000161,GW-000161,2025-05-24,134150,0,INR
TXN-000162,GW-000162,2025-04-09,30100,0,INR
TXN-000163,GW-000163,2025-12-07,104600,1883,INR
TXN-000164,GW-000164,2025-12-05,132250,0,INR
TXN-000165,GW-000165,2025-06-06,72500,0,INR
TXN-000166,GW-000166,2025-05-04,201550,0,INR
TXN-000166,GW-DUP-000166,2025-05-04,201550,0,INR
TXN-000167,GW-000167,2025-07-25,88450,0,INR
TXN-000168,GW-000168,2025-12-26,95900,0,INR
TXN-000169,GW-000169,2025-03-04,13800,0,INR
TXN-000170,GW-000170,2025-09-21,209150,3765,INR
TXN-000171,GW-000171,2025-10-30,179650,0,INR
TXN-000172,GW-000172,2025-01-03,216150,0,INR
TXN-000173,GW-000173,2025-12-07,153500,0,INR
TXN-000173,GW-DUP-000173,2025-12-07,153500,0,INR
TXN-000174,GW-000174,2025-03-29,68050,0,INR
TXN-000175,GW-000175,2025-05-30,45750,0,INR
TXN-000176,GW-000176,2025-10-20,237750,0,INR
TXN-000177,GW-000177,2025-03-17,97750,1759,INR
TXN-000178,GW-000178,2025-05-25,245750,0,INR
TXN-000179,GW-000179,2025-06-14,46350,0,INR
TXN-000180,GW-000180,2025-12-02,76300,0,INR
TXN-000180,GW-DUP-000180,2025-12-02,76300,0,INR
TXN-000181,GW-000181,2025-10-22,63500,0,INR
TXN-000182,GW-000182,2025-01-25,101550,0,INR
TXN-000183,GW-000183,2025-08-08,147850,0,INR
TXN-000184,GW-000184,2025-10-19,84350,1518,INR
TXN-000185,GW-000185,2025-04-09,74000,0,INR
TXN-000186,GW-000186,2025-02-13,17700,0,INR
TXN-000187,GW-000187,2025-06-26,200800,0,INR
TXN-000187,GW-DUP-000187,2025-06-26,200800,0,INR
TXN-000188,GW-000188,2025-07-10,113550,0,INR
TXN-000189,GW-000189,2025-06-01,47850,0,INR
TXN-000190,GW-000190,2025-10-16,160500,0,INR
TXN-000191,GW-000191,2025-08-26,113800,2048,INR
TXN-000192,GW-000192,2025-06-18,80500,0,INR
TXN-000193,GW-000193,2025-08-19,14300,0,INR
TXN-000194,GW-000194,2025-05-31,179300,0,INR
TXN-000194,GW-DUP-000194,2025-05-31,179300,0,INR
TXN-000195,GW-000195,2025-04-11,65250,0,INR
TXN-000196,GW-000196,2025-11-02,84650,0,INR
TXN-000197,GW-000197,2025-03-16,58900,0,INR
TXN-000198,GW-000198,2025-12-28,35800,644,INR
TXN-000199,GW-000199,2025-05-13,99600,0,INR
TXN-000200,GW-000200,2025-08-15,96050,0,INR
TXN-000201,GW-000201,2025-09-09,57850,0,INR
TXN-000201,GW-DUP-000201,2025-09-09,57850,0,INR
TXN-000202,GW-000202,2025-01-02,149400,0,INR
TXN-000203,GW-000203,2025-01-20,18150,0,INR
TXN-000204,GW-000204,2025-01-27,232300,0,INR
TXN-000205,GW-000205,2025-11-07,19750,356,INR
TXN-000206,GW-000206,2025-12-31,166350,0,INR
TXN-000207,GW-000207,2025-08-19,142900,0,INR
TXN-000208,GW-000208,2025-09-08,208300,0,INR
TXN-000208,GW-DUP-000208,2025-09-08,208300,0,INR
TXN-000209,GW-000209,2025-09-09,94500,0,INR
TXN-000210,GW-000210,2025-08-17,2200,0,INR
TXN-000211,GW-000211,2025-07-29,137050,0,INR
TXN-000212,GW-000212,2025-08-13,130350,2346,INR
TXN-000213,GW-000213,2025-02-28,233300,0,INR
TXN-000214,GW-000214,2025-04-14,142050,0,INR
TXN-000215,GW-000215,2025-04-10,238450,0,INR
TXN-000215,GW-DUP-000215,2025-04-10,238450,0,INR
TXN-000216,GW-000216,2025-06-24,231850,0,INR
TXN-000217,GW-000217,2025-08-03,243800,0,INR
TXN-000218,GW-000218,2025-09-05,204050,0,INR
TXN-000219,GW-000219,2025-11-06,10400,187,INR
TXN-000220,GW-000220,2025-11-13,230650,0,INR
TXN-000221,GW-000221,2025-04-11,36350,0,INR
TXN-000222,GW-000222,2025-04-20,9650,0,INR
TXN-000222,GW-DUP-000222,2025-04-20,9650,0,INR
TXN-000223,GW-000223,2025-11-22,185300,0,INR
TXN-000224,GW-000224,2025-02-10,86300,0,INR
TXN-000225,GW-000225,2025-02-15,149500,0,INR
TXN-000226,GW-000226,2025-01-07,26750,481,INR
TXN-000227,GW-000227,2025-08-02,249250,0,INR
TXN-000228,GW-000228,2025-06-01,72350,0,INR
TXN-000229,GW-000229,2025-09-25,17650,0,INR
TXN-000229,GW-DUP-000229,2025-09-25,17650,0,INR
TXN-000230,GW-000230,2025-03-17,35750,0,INR
TXN-000231,GW-000231,2025-08-09,86450,0,INR
TXN-000232,GW-000232,2025-11-24,192400,0,INR
TXN-000233,GW-000233,2025-02-13,26350,474,INR
TXN-000234,GW-000234,2025-02-09,3000,0,INR
TXN-000235,GW-000235,2025-10-30,5300,0,INR
TXN-000236,GW-000236,2025-09-01,116650,0,INR
TXN-000236,GW-DUP-000236,2025-09-01,116650,0,INR
TXN-000237,GW-000237,2025-06-19,40400,0,INR
TXN-000238,GW-000238,2025-07-19,225800,0,INR
TXN-000239,GW-000239,2025-06-06,81500,0,INR
TXN-000240,GW-000240,2025-07-07,66550,1198,INR
TXN-000241,GW-000241,2025-09-05,128700,0,INR
TXN-000242,GW-000242,2025-01-11,136050,0,INR
TXN-000243,GW-000243,2025-05-29,211550,0,INR
TXN-000243,GW-DUP-000243,2025-05-29,211550,0,INR
TXN-000244,GW-000244,2025-06-06,45750,0,INR
TXN-000245,GW-000245,2025-03-07,84750,0,INR
TXN-000246,GW-000246,2025-12-28,129200,0,INR
TXN-000247,GW-000247,2025-11-25,198700,3577,INR
TXN-000248,GW-000248,2025-05-23,194850,0,INR
TXN-000249,GW-000249,2025-04-28,205450,0,INR
TXN-000250,GW-000250,2025-04-17,134200,0,INR
TXN-000250,GW-DUP-000250,2025-04-17,134200,0,INR
TXN-000251,GW-000251,2025-04-19,59300,0,INR
TXN-000252,GW-000252,2025-12-14,189150,0,INR
TXN-000253,GW-000253,2025-08-31,92050,0,INR
TXN-000254,GW-000254,2025-04-13,12850,231,INR
TXN-000255,GW-000255,2025-02-23,226850,0,INR
TXN-000256,GW-000256,2025-10-18,242650,0,INR
TXN-000257,GW-000257,2025-12-28,241100,0,INR
TXN-000257,GW-DUP-000257,2025-12-28,241100,0,INR
TXN-000258,GW-000258,2025-06-15,197550,0,INR
TXN-000259,GW-000259,2025-09-07,122450,0,INR
TXN-000260,GW-000260,2025-10-28,64100,0,INR
TXN-000261,GW-000261,2025-08-21,45550,820,INR
TXN-000262,GW-000262,2025-10-07,73250,0,INR
TXN-000263,GW-000263,2025-12-25,146350,0,INR
TXN-000264,GW-000264,2025-12-18,209700,0,INR
TXN-000264,GW-DUP-000264,2025-12-18,209700,0,INR
TXN-000265,GW-000265,2025-03-23,157600,0,INR
TXN-000266,GW-000266,2025-10-01,203450,0,INR
TXN-000267,GW-000267,2025-03-02,27300,0,INR
TXN-000268,GW-000268,2025-04-22,219050,3943,INR
TXN-000269,GW-000269,2025-04-09,4650,0,INR
TXN-000270,GW-000270,2025-11-26,19950,0,INR
TXN-000271,GW-000271,2025-11-13,192950,0,INR
TXN-000271,GW-DUP-000271,2025-11-13,192950,0,INR
TXN-000272,GW-000272,2025-03-05,244750,0,INR
TXN-000273,GW-000273,2025-09-08,248650,0,INR
TXN-000274,GW-000274,2025-08-11,249900,0,INR
TXN-000275,GW-000275,2025-08-01,22750,409,INR
TXN-000276,GW-000276,2025-12-27,169600,0,INR
TXN-000277,GW-000277,2025-10-14,80300,0,INR
TXN-000278,GW-000278,2025-07-31,10800,0,INR
TXN-000278,GW-DUP-000278,2025-07-31,10800,0,INR
TXN-000279,GW-000279,2025-01-30,241650,0,INR
TXN-000280,GW-000280,2025-07-26,33250,0,INR
TXN-000281,GW-000281,2025-01-11,119250,0,INR
TXN-000282,GW-000282,2025-03-25,29200,526,INR
TXN-000283,GW-000283,2025-05-21,88850,0,INR
TXN-000284,GW-000284,2025-11-22,161150,0,INR
TXN-000285,GW-000285,2025-04-03,211450,0,INR
TXN-000285,GW-DUP-000285,2025-04-03,211450,0,INR
TXN-000286,GW-000286,2025-07-28,74900,0,INR
TXN-000287,GW-000287,2025-09-12,140600,0,INR
TXN-000288,GW-000288,2025-03-25,221500,0,INR
TXN-000289,GW-000289,2025-03-01,71000,1278,INR
TXN-000290,GW-000290,2025-02-02,115300,0,INR
TXN-000291,GW-000291,2025-11-04,176050,0,INR
TXN-000292,GW-000292,2025-08-03,61900,0,INR
TXN-000292,GW-DUP-000292,2025-08-03,61900,0,INR
TXN-000293,GW-000293,2025-02-20,189900,0,INR
TXN-000294,GW-000294,2025-05-26,220050,0,INR
TXN-000295,GW-000295,2025-09-16,84350,0,INR
TXN-000296,GW-000296,2025-03-14,236150,4251,INR
TXN-000297,GW-000297,2025-12-01,59100,0,INR
TXN-000298,GW-000298,2025-04-04,58800,0,INR
TXN-000299,GW-000299,2025-04-21,223800,0,INR
TXN-000299,GW-DUP-000299,2025-04-21,223800,0,INR
TXN-000300,GW-000300,2025-08-10,57350,0,INR
TXN-000301,GW-000301,2025-05-11,75450,0,INR
TXN-000302,GW-000302,2025-08-12,13550,0,INR
TXN-000303,GW-000303,2025-02-13,217150,3909,INR
TXN-000304,GW-000304,2025-12-02,58450,0,INR
TXN-000305,GW-000305,2025-10-01,171400,0,INR
TXN-000306,GW-000306,2025-06-19,213850,0,INR
TXN-000306,GW-DUP-000306,2025-06-19,213850,0,INR
TXN-000307,GW-000307,2025-09-30,46800,0,INR
TXN-000308,GW-000308,2025-03-25,144200,0,INR
TXN-000309,GW-000309,2025-04-17,194100,0,INR
TXN-000310,GW-000310,2025-07-03,123200,2218,INR
TXN-000311,GW-000311,2025-07-31,245600,0,INR
TXN-000312,GW-000312,2025-10-20,203600,0,INR
TXN-000313,GW-000313,2025-07-03,207700,0,INR
TXN-000313,GW-DUP-000313,2025-07-03,207700,0,INR
TXN-000314,GW-000314,2025-03-06,37700,0,INR
TXN-000315,GW-000315,2025-08-05,177550,0,INR
TXN-000316,GW-000316,2025-11-11,24150,0,INR
TXN-000317,GW-000317,2025-05-15,90250,1624,INR
TXN-000318,GW-000318,2025-02-11,173100,0,INR
TXN-000319,GW-000319,2025-07-04,81950,0,INR
TXN-000320,GW-000320,2025-09-09,113150,0,INR
TXN-000320,GW-DUP-000320,2025-09-09,113150,0,INR
TXN-000321,GW-000321,2025-04-23,176450,0,INR
TXN-000322,GW-000322,2025-08-28,179500,0,INR
TXN-000323,GW-000323,2025-09-05,29250,0,INR
TXN-000324,GW-000324,2025-11-28,23400,421,INR
TXN-000325,GW-000325,2025-05-07,81950,0,INR
TXN-000326,GW-000326,2025-06-09,209150,0,INR
TXN-000327,GW-000327,2025-09-30,42300,0,INR
TXN-000327,GW-DUP-000327,2025-09-30,42300,0,INR
TXN-000328,GW-000328,2025-03-15,165100,0,INR
TXN-000329,GW-000329,2025-04-29,134800,0,INR
TXN-000330,GW-000330,2025-01-24,99600,0,INR
TXN-000331,GW-000331,2025-09-29,55950,1007,INR
TXN-000332,GW-000332,2025-12-24,84700,0,INR
TXN-000333,GW-000333,2025-04-10,212750,0,INR
TXN-000334,GW-000334,2025-08-27,142600,0,INR
TXN-000334,GW-DUP-000334,2025-08-27,142600,0,INR
TXN-000335,GW-000335,2025-08-20,113900,0,INR
TXN-000336,GW-000336,2025-02-17,144800,0,INR
TXN-000337,GW-000337,2025-03-19,169000,0,INR
TXN-000338,GW-000338,2025-11-30,154450,2780,INR
TXN-000339,GW-000339,2025-05-16,153500,0,INR
TXN-000340,GW-000340,2025-04-13,231200,0,INR
TXN-000341,GW-000341,2025-09-10,35300,0,INR
TXN-000341,GW-DUP-000341,2025-09-10,35300,0,INR
TXN-000342,GW-000342,2025-05-27,177150,0,INR
TXN-000343,GW-000343,2025-02-15,64350,0,INR
TXN-000344,GW-000344,2025-06-03,86950,0,INR
TXN-000345,GW-000345,2025-05-30,217600,3917,INR
TXN-000346,GW-000346,2025-01-21,128150,0,INR
TXN-000347,GW-000347,2025-08-27,46450,0,INR
TXN-000348,GW-000348,2025-04-27,95050,0,INR
TXN-000348,GW-DUP-000348,2025-04-27,95050,0,INR
TXN-000349,GW-000349,2025-04-12,249450,0,INR
TXN-000350,GW-000350,2025-03-02,212450,0,INR
TXN-000351,GW-000351,2025-04-06,93750,0,INR
TXN-000352,GW-000352,2025-08-06,213950,3851,INR
TXN-000353,GW-000353,2025-08-24,210000,0,INR
TXN-000354,GW-000354,2025-03-01,158150,0,INR
TXN-000355,GW-000355,2025-02-26,248600,0,INR
TXN-000355,GW-DUP-000355,2025-02-26,248600,0,INR
TXN-000356,GW-000356,2025-05-23,163700,0,INR
TXN-000357,GW-000357,2025-05-26,42450,0,INR
TXN-000358,GW-000358,2025-05-16,150200,0,INR
TXN-000359,GW-000359,2025-12-22,247200,4450,INR
TXN-000360,GW-000360,2025-02-03,131950,0,INR
TXN-000361,GW-000361,2025-07-25,226250,0,INR
TXN-000362,GW-000362,2025-02-09,32200,0,INR
TXN-000362,GW-DUP-000362,2025-02-09,32200,0,INR
TXN-000363,GW-000363,2025-05-12,147000,0,INR
TXN-000364,GW-000364,2025-01-09,163550,0,INR
TXN-000365,GW-000365,2025-06-01,124850,0,INR
TXN-000366,GW-000366,2025-03-04,167750,3019,INR
TXN-000367,GW-000367,2025-08-24,103350,0,INR
TXN-000368,GW-000368,2025-11-23,206600,0,INR
TXN-000369,GW-000369,2025-06-24,150850,0,INR
TXN-000369,GW-DUP-000369,2025-06-24,150850,0,INR
TXN-000370,GW-000370,2025-12-14,168650,0,INR
TXN-000371,GW-000371,2025-03-13,144300,0,INR
TXN-000372,GW-000372,2025-01-27,197350,0,INR
TXN-000373,GW-000373,2025-10-27,7050,127,INR
TXN-000374,GW-000374,2025-03-01,64900,0,INR
TXN-000375,GW-000375,2025-08-26,136950,0,INR
TXN-000376,GW-000376,2025-11-26,180200,0,INR
TXN-000376,GW-DUP-000376,2025-11-26,180200,0,INR
TXN-000377,GW-000377,2025-11-30,243050,0,INR
TXN-000378,GW-000378,2025-07-29,165100,0,INR
TXN-000379,GW-000379,2025-05-03,200500,0,INR
TXN-000380,GW-000380,2025-10-06,137600,2477,INR
TXN-000381,GW-000381,2025-04-10,209000,0,INR
TXN-000382,GW-000382,2025-10-22,154150,0,INR
TXN-000383,GW-000383,2025-03-22,127350,0,INR
TXN-000383,GW-DUP-000383,2025-03-22,127350,0,INR
TXN-000384,GW-000384,2025-12-24,205700,0,INR
TXN-000385,GW-000385,2025-11-26,119850,0,INR
TXN-000386,GW-000386,2025-06-11,155800,0,INR
TXN-000387,GW-000387,2025-12-24,103450,1862,INR
TXN-000388,GW-000388,2025-07-17,39650,0,INR
TXN-000389,GW-000389,2025-08-23,28550,0,INR
TXN-000390,GW-000390,2025-03-08,205950,0,INR
TXN-000390,GW-DUP-000390,2025-03-08,205950,0,INR
TXN-000391,GW-000391,2025-08-21,236550,0,INR
TXN-000392,GW-000392,2025-07-12,43450,0,INR
TXN-000393,GW-000393,2025-01-26,172000,0,INR
TXN-000394,GW-000394,2025-11-26,119250,2146,INR
TXN-000395,GW-000395,2025-01-13,16300,0,INR
TXN-000396,GW-000396,2025-09-19,154000,0,INR
TXN-000397,GW-000397,2025-05-10,211300,0,INR
TXN-000397,GW-DUP-000397,2025-05-10,211300,0,INR
TXN-000398,GW-000398,2025-09-25,84200,0,INR
TXN-000399,GW-000399,2025-08-07,39700,0,INR
TXN-000400,GW-000400,2025-05-22,193000,0,INR
TXN-000401,GW-000401,2025-09-28,42850,771,INR
TXN-000402,GW-000402,2025-07-12,178850,0,INR
TXN-000403,GW-000403,2025-11-29,12300,0,INR
TXN-000404,GW-000404,2025-04-09,5950,0,INR
TXN-000404,GW-DUP-000404,2025-04-09,5950,0,INR
TXN-000405,GW-000405,2025-10-23,244400,0,INR
TXN-000406,GW-000406,2025-01-09,145300,0,INR
TXN-000407,GW-000407,2025-07-22,69100,0,INR
TXN-000408,GW-000408,2025-06-05,181500,3267,INR
TXN-000409,GW-000409,2025-06-18,176900,0,INR
TXN-000410,GW-000410,2025-02-27,63650,0,INR
TXN-000411,GW-000411,2025-05-15,134900,0,INR
TXN-000411,GW-DUP-000411,2025-05-15,134900,0,INR
TXN-000412,GW-000412,2025-11-16,90200,0,INR
TXN-000413,GW-000413,2025-04-18,117500,0,INR
TXN-000414,GW-000414,2025-07-01,110600,0,INR
TXN-000415,GW-000415,2025-04-07,6550,118,INR
TXN-000416,GW-000416,2025-05-21,197700,0,INR
TXN-000417,GW-000417,2025-09-10,230100,0,INR
TXN-000418,GW-000418,2025-11-21,91350,0,INR
TXN-000418,GW-DUP-000418,2025-11-21,91350,0,INR
TXN-000419,GW-000419,2025-09-03,199150,0,INR
TXN-000420,GW-000420,2025-08-22,122700,0,INR
TXN-000421,GW-000421,2025-03-19,105650,0,INR
TXN-000422,GW-000422,2025-01-01,42050,757,INR
TXN-000423,GW-000423,2025-12-25,177200,0,INR
TXN-000424,GW-000424,2025-12-30,68950,0,INR
TXN-000425,GW-000425,2025-01-08,103400,0,INR
TXN-000425,GW-DUP-000425,2025-01-08,103400,0,INR
TXN-000426,GW-000426,2025-03-02,242100,0,INR
TXN-000427,GW-000427,2025-04-04,126650,0,INR
TXN-000428,GW-000428,2025-08-07,125750,0,INR
TXN-000429,GW-000429,2025-09-22,16800,302,INR
TXN-000430,GW-000430,2025-05-14,103650,0,INR
TXN-000431,GW-000431,2025-09-24,57750,0,INR
TXN-000432,GW-000432,2025-01-01,19800,0,INR
TXN-000432,GW-DUP-000432,2025-01-01,19800,0,INR
TXN-000433,GW-000433,2025-11-02,199500,0,INR
TXN-000434,GW-000434,2025-11-12,210150,0,INR
TXN-000435,GW-000435,2025-08-19,192200,0,INR
TXN-000436,GW-000436,2025-03-23,80400,1447,INR
TXN-000437,GW-000437,2025-11-22,120600,0,INR
TXN-000438,GW-000438,2025-05-10,70150,0,INR
TXN-000439,GW-000439,2025-06-25,196000,0,INR
TXN-000439,GW-DUP-000439,2025-06-25,196000,0,INR
TXN-000440,GW-000440,2025-06-15,66850,0,INR
TXN-000441,GW-000441,2025-12-20,100200,0,INR
TXN-000442,GW-000442,2025-11-07,19750,0,INR
TXN-000443,GW-000443,2025-05-23,226400,4075,INR
TXN-000444,GW-000444,2025-12-05,156950,0,INR
TXN-000445,GW-000445,2025-06-13,31400,0,INR
TXN-000446,GW-000446,2025-04-04,226700,0,INR
TXN-000446,GW-DUP-000446,2025-04-04,226700,0,INR
TXN-000447,GW-000447,2025-08-09,74500,0,INR
TXN-000448,GW-000448,2025-08-23,209400,0,INR
TXN-000449,GW-000449,2025-08-11,36250,0,INR
TXN-000450,GW-000450,2025-05-07,47000,846,INR
TXN-000451,GW-000451,2025-01-22,131450,0,INR
TXN-000452,GW-000452,2025-07-07,71250,0,INR
TXN-000453,GW-000453,2025-11-02,53800,0,INR
TXN-000453,GW-DUP-000453,2025-11-02,53800,0,INR
TXN-000454,GW-000454,2025-03-19,160000,0,INR
TXN-000455,GW-000455,2025-05-31,56500,0,INR
TXN-000456,GW-000456,2025-02-21,233000,0,INR
TXN-000457,GW-000457,2025-10-28,58050,1045,INR
TXN-000458,GW-000458,2025-11-24,229400,0,INR
TXN-000459,GW-000459,2025-11-13,220350,0,INR
TXN-000460,GW-000460,2025-02-15,130550,0,INR
TXN-000460,GW-DUP-000460,2025-02-15,130550,0,INR
TXN-000461,GW-000461,2025-12-07,200900,0,INR
TXN-000462,GW-000462,2025-04-04,160400,0,INR
TXN-000463,GW-000463,2025-09-06,231950,0,INR
TXN-000464,GW-000464,2025-10-19,91500,1647,INR
TXN-000465,GW-000465,2025-10-15,95200,0,INR
TXN-000466,GW-000466,2025-09-12,40800,0,INR
TXN-000467,GW-000467,2025-08-07,67600,0,INR
TXN-000467,GW-DUP-000467,2025-08-07,67600,0,INR
TXN-000468,GW-000468,2025-12-21,203750,0,INR
TXN-000469,GW-000469,2025-03-30,113800,0,INR
TXN-000470,GW-000470,2025-01-17,220550,0,INR
TXN-000471,GW-000471,2025-01-14,157500,2835,INR
TXN-000472,GW-000472,2025-05-10,73150,0,INR
TXN-000473,GW-000473,2025-12-22,49050,0,INR
TXN-000474,GW-000474,2025-05-22,101000,0,INR
TXN-000474,GW-DUP-000474,2025-05-22,101000,0,INR
TXN-000475,GW-000475,2025-01-26,66900,0,INR
TXN-000476,GW-000476,2025-09-10,4650,0,INR
TXN-000477,GW-000477,2025-09-14,70350,0,INR
TXN-000478,GW-000478,2025-12-07,211300,3803,INR
TXN-000479,GW-000479,2025-09-14,105600,0,INR
TXN-000480,GW-000480,2025-01-03,111600,0,INR
TXN-000481,GW-000481,2025-12-19,188400,0,INR
TXN-000481,GW-DUP-000481,2025-12-19,188400,0,INR
TXN-000482,GW-000482,2025-07-10,25750,0,INR
TXN-000483,GW-000483,2025-03-18,30000,0,INR
TXN-000484,GW-000484,2025-08-23,139300,0,INR
TXN-000485,GW-000485,2025-08-18,238950,4301,INR
TXN-000486,GW-000486,2025-11-28,53200,0,INR
TXN-000487,GW-000487,2025-04-29,246850,0,INR
TXN-000488,GW-000488,2025-09-30,29200,0,INR
TXN-000488,GW-DUP-000488,2025-09-30,29200,0,INR
TXN-000489,GW-000489,2025-05-16,55200,0,INR
TXN-000490,GW-000490,2025-06-06,243900,0,INR
TXN-000491,GW-000491,2025-02-13,242700,0,INR
TXN-000492,GW-000492,2025-05-15,113150,2037,INR
TXN-000493,GW-000493,2025-09-25,37750,0,INR
TXN-000494,GW-000494,2025-02-09,230600,0,INR
TXN-000495,GW-000495,2025-08-20,39350,0,INR
TXN-000495,GW-DUP-000495,2025-08-20,39350,0,INR
TXN-000496,GW-000496,2025-03-14,26450,0,INR
TXN-000497,GW-000497,2025-03-21,117600,0,INR
TXN-000498,GW-000498,2025-05-09,44050,0,INR
TXN-000499,GW-000499,2025-08-25,144500,2601,INR
TXN-000500,GW-000500,2025-05-28,119900,0,INR
