transaction_id,scenario,expected_outcome,expected_invoice_amount_inr,expected_gateway_amount_inr,expected_bank_amount_inr,expected_gateway_fee_inr,human_review_required
TXN-000001,exact_match,matched,82000,82000,82000,0,False
TXN-000002,gateway_fee_deduction,matched_after_gateway_fee,206500,206500,202783,3717,False
TXN-000003,settlement_timing_difference,matched_after_timing_difference,200600,200600,200600,0,False
TXN-000004,partial_payment,partial_payment,150050,143900,143900,0,True
TXN-000005,duplicate_transaction,duplicate_gateway_transaction,109350,109350,109350,0,True
TXN-000006,missing_bank_settlement,missing_bank_settlement,113150,113150,,0,True
TXN-000007,unexplained_discrepancy,unexplained_discrepancy,54900,54900,50200,0,True
TXN-000008,exact_match,matched,201450,201450,201450,0,False
TXN-000009,gateway_fee_deduction,matched_after_gateway_fee,80600,80600,79149,1451,False
TXN-000010,settlement_timing_difference,matched_after_timing_difference,109550,109550,109550,0,False
TXN-000011,partial_payment,partial_payment,105000,98850,98850,0,True
TXN-000012,duplicate_transaction,duplicate_gateway_transaction,37200,37200,37200,0,True
TXN-000013,missing_bank_settlement,missing_bank_settlement,230850,230850,,0,True
TXN-000014,unexplained_discrepancy,unexplained_discrepancy,153000,153000,147400,0,True
TXN-000015,exact_match,matched,208450,208450,208450,0,False
TXN-000016,gateway_fee_deduction,matched_after_gateway_fee,54850,54850,53863,987,False
TXN-000017,settlement_timing_difference,matched_after_timing_difference,103300,103300,103300,0,False
TXN-000018,partial_payment,partial_payment,40200,36600,36600,0,True
TXN-000019,duplicate_transaction,duplicate_gateway_transaction,139250,139250,139250,0,True
TXN-000020,missing_bank_settlement,missing_bank_settlement,221000,221000,,0,True
TXN-000021,unexplained_discrepancy,unexplained_discrepancy,139700,139700,136850,0,True
TXN-000022,exact_match,matched,179750,179750,179750,0,False
TXN-000023,gateway_fee_deduction,matched_after_gateway_fee,81850,81850,80377,1473,False
TXN-000024,settlement_timing_difference,matched_after_timing_difference,100050,100050,100050,0,False
TXN-000025,partial_payment,partial_payment,30350,26550,26550,0,True
TXN-000026,duplicate_transaction,duplicate_gateway_transaction,186550,186550,186550,0,True
TXN-000027,missing_bank_settlement,missing_bank_settlement,208650,208650,,0,True
TXN-000028,unexplained_discrepancy,unexplained_discrepancy,207050,207050,197150,0,True
TXN-000029,exact_match,matched,57750,57750,57750,0,False
TXN-000030,gateway_fee_deduction,matched_after_gateway_fee,194200,194200,190704,3496,False
TXN-000031,settlement_timing_difference,matched_after_timing_difference,13350,13350,13350,0,False
TXN-000032,partial_payment,partial_payment,230500,220600,220600,0,True
TXN-000033,duplicate_transaction,duplicate_gateway_transaction,133250,133250,133250,0,True
TXN-000034,missing_bank_settlement,missing_bank_settlement,189600,189600,,0,True
TXN-000035,unexplained_discrepancy,unexplained_discrepancy,244200,244200,243450,0,True
TXN-000036,exact_match,matched,76500,76500,76500,0,False
TXN-000037,gateway_fee_deduction,matched_after_gateway_fee,94250,94250,92554,1696,False
TXN-000038,settlement_timing_difference,matched_after_timing_difference,229750,229750,229750,0,False
TXN-000039,partial_payment,partial_payment,4200,3200,3200,0,True
TXN-000040,duplicate_transaction,duplicate_gateway_transaction,120900,120900,120900,0,True
TXN-000041,missing_bank_settlement,missing_bank_settlement,148350,148350,,0,True
TXN-000042,unexplained_discrepancy,unexplained_discrepancy,202450,202450,198750,0,True
TXN-000043,exact_match,matched,87150,87150,87150,0,False
TXN-000044,gateway_fee_deduction,matched_after_gateway_fee,142900,142900,140328,2572,False
TXN-000045,settlement_timing_difference,matched_after_timing_difference,83300,83300,83300,0,False
TXN-000046,partial_payment,partial_payment,18750,16300,16300,0,True
TXN-000047,duplicate_transaction,duplicate_gateway_transaction,196800,196800,196800,0,True
TXN-000048,missing_bank_settlement,missing_bank_settlement,147250,147250,,0,True
TXN-000049,unexplained_discrepancy,unexplained_discrepancy,136550,136550,127850,0,True
TXN-000050,exact_match,matched,57050,57050,57050,0,False
TXN-000051,gateway_fee_deduction,matched_after_gateway_fee,102300,102300,100459,1841,False
TXN-000052,settlement_timing_difference,matched_after_timing_difference,48850,48850,48850,0,False
TXN-000053,partial_payment,partial_payment,14750,14550,14550,0,True
TXN-000054,duplicate_transaction,duplicate_gateway_transaction,32900,32900,32900,0,True
TXN-000055,missing_bank_settlement,missing_bank_settlement,55150,55150,,0,True
TXN-000056,unexplained_discrepancy,unexplained_discrepancy,45100,45100,38750,0,True
TXN-000057,exact_match,matched,64750,64750,64750,0,False
TXN-000058,gateway_fee_deduction,matched_after_gateway_fee,165850,165850,162865,2985,False
TXN-000059,settlement_timing_difference,matched_after_timing_difference,155700,155700,155700,0,False
TXN-000060,partial_payment,partial_payment,167350,162450,162450,0,True
TXN-000061,duplicate_transaction,duplicate_gateway_transaction,121800,121800,121800,0,True
TXN-000062,missing_bank_settlement,missing_bank_settlement,237200,237200,,0,True
TXN-000063,unexplained_discrepancy,unexplained_discrepancy,58250,58250,53450,0,True
TXN-000064,exact_match,matched,146750,146750,146750,0,False
TXN-000065,gateway_fee_deduction,matched_after_gateway_fee,77500,77500,76105,1395,False
TXN-000066,settlement_timing_difference,matched_after_timing_difference,130300,130300,130300,0,False
TXN-000067,partial_payment,partial_payment,31200,23150,23150,0,True
TXN-000068,duplicate_transaction,duplicate_gateway_transaction,70750,70750,70750,0,True
TXN-000069,missing_bank_settlement,missing_bank_settlement,32500,32500,,0,True
TXN-000070,unexplained_discrepancy,unexplained_discrepancy,12900,12900,12350,0,True
TXN-000071,exact_match,matched,111200,111200,111200,0,False
TXN-000072,gateway_fee_deduction,matched_after_gateway_fee,168150,168150,165123,3027,False
TXN-000073,settlement_timing_difference,matched_after_timing_difference,122200,122200,122200,0,False
TXN-000074,partial_payment,partial_payment,108800,104550,104550,0,True
TXN-000075,duplicate_transaction,duplicate_gateway_transaction,10950,10950,10950,0,True
TXN-000076,missing_bank_settlement,missing_bank_settlement,191950,191950,,0,True
TXN-000077,unexplained_discrepancy,unexplained_discrepancy,206250,206250,197350,0,True
TXN-000078,exact_match,matched,150950,150950,150950,0,False
TXN-000079,gateway_fee_deduction,matched_after_gateway_fee,160450,160450,157562,2888,False
TXN-000080,settlement_timing_difference,matched_after_timing_difference,152700,152700,152700,0,False
TXN-000081,partial_payment,partial_payment,46950,46500,46500,0,True
TXN-000082,duplicate_transaction,duplicate_gateway_transaction,108100,108100,108100,0,True
TXN-000083,missing_bank_settlement,missing_bank_settlement,195550,195550,,0,True
TXN-000084,unexplained_discrepancy,unexplained_discrepancy,108950,108950,106500,0,True
TXN-000085,exact_match,matched,103850,103850,103850,0,False
TXN-000086,gateway_fee_deduction,matched_after_gateway_fee,209000,209000,205238,3762,False
TXN-000087,settlement_timing_difference,matched_after_timing_difference,172900,172900,172900,0,False
TXN-000088,partial_payment,partial_payment,160500,158400,158400,0,True
TXN-000089,duplicate_transaction,duplicate_gateway_transaction,77900,77900,77900,0,True
TXN-000090,missing_bank_settlement,missing_bank_settlement,122750,122750,,0,True
TXN-000091,unexplained_discrepancy,unexplained_discrepancy,123950,123950,118750,0,True
TXN-000092,exact_match,matched,112950,112950,112950,0,False
TXN-000093,gateway_fee_deduction,matched_after_gateway_fee,49450,49450,48560,890,False
TXN-000094,settlement_timing_difference,matched_after_timing_difference,175150,175150,175150,0,False
TXN-000095,partial_payment,partial_payment,130950,130600,130600,0,True
TXN-000096,duplicate_transaction,duplicate_gateway_transaction,238450,238450,238450,0,True
TXN-000097,missing_bank_settlement,missing_bank_settlement,213850,213850,,0,True
TXN-000098,unexplained_discrepancy,unexplained_discrepancy,81500,81500,71550,0,True
TXN-000099,exact_match,matched,103550,103550,103550,0,False
TXN-000100,gateway_fee_deduction,matched_after_gateway_fee,224550,224550,220508,4042,False
TXN-000101,settlement_timing_difference,matched_after_timing_difference,133650,133650,133650,0,False
TXN-000102,partial_payment,partial_payment,79650,73400,73400,0,True
TXN-000103,duplicate_transaction,duplicate_gateway_transaction,233750,233750,233750,0,True
TXN-000104,missing_bank_settlement,missing_bank_settlement,52450,52450,,0,True
TXN-000105,unexplained_discrepancy,unexplained_discrepancy,66900,66900,62950,0,True
TXN-000106,exact_match,matched,243950,243950,243950,0,False
TXN-000107,gateway_fee_deduction,matched_after_gateway_fee,5300,5300,5205,95,False
TXN-000108,settlement_timing_difference,matched_after_timing_difference,88150,88150,88150,0,False
TXN-000109,partial_payment,partial_payment,2000,1900,1900,0,True
TXN-000110,duplicate_transaction,duplicate_gateway_transaction,221750,221750,221750,0,True
TXN-000111,missing_bank_settlement,missing_bank_settlement,21750,21750,,0,True
TXN-000112,unexplained_discrepancy,unexplained_discrepancy,56850,56850,51400,0,True
TXN-000113,exact_match,matched,71400,71400,71400,0,False
TXN-000114,gateway_fee_deduction,matched_after_gateway_fee,10200,10200,10016,184,False
TXN-000115,settlement_timing_difference,matched_after_timing_difference,8200,8200,8200,0,False
TXN-000116,partial_payment,partial_payment,109150,107550,107550,0,True
TXN-000117,duplicate_transaction,duplicate_gateway_transaction,232650,232650,232650,0,True
TXN-000118,missing_bank_settlement,missing_bank_settlement,41600,41600,,0,True
TXN-000119,unexplained_discrepancy,unexplained_discrepancy,229550,229550,223600,0,True
TXN-000120,exact_match,matched,165700,165700,165700,0,False
TXN-000121,gateway_fee_deduction,matched_after_gateway_fee,83750,83750,82243,1507,False
TXN-000122,settlement_timing_difference,matched_after_timing_difference,81350,81350,81350,0,False
TXN-000123,partial_payment,partial_payment,122350,118900,118900,0,True
TXN-000124,duplicate_transaction,duplicate_gateway_transaction,44150,44150,44150,0,True
TXN-000125,missing_bank_settlement,missing_bank_settlement,104200,104200,,0,True
TXN-000126,unexplained_discrepancy,unexplained_discrepancy,115200,115200,112300,0,True
TXN-000127,exact_match,matched,78200,78200,78200,0,False
TXN-000128,gateway_fee_deduction,matched_after_gateway_fee,107950,107950,106007,1943,False
TXN-000129,settlement_timing_difference,matched_after_timing_difference,206200,206200,206200,0,False
TXN-000130,partial_payment,partial_payment,65400,57600,57600,0,True
TXN-000131,duplicate_transaction,duplicate_gateway_transaction,192500,192500,192500,0,True
TXN-000132,missing_bank_settlement,missing_bank_settlement,191250,191250,,0,True
TXN-000133,unexplained_discrepancy,unexplained_discrepancy,83800,83800,79650,0,True
TXN-000134,exact_match,matched,132400,132400,132400,0,False
TXN-000135,gateway_fee_deduction,matched_after_gateway_fee,190850,190850,187415,3435,False
TXN-000136,settlement_timing_difference,matched_after_timing_difference,71750,71750,71750,0,False
TXN-000137,partial_payment,partial_payment,197100,187300,187300,0,True
TXN-000138,duplicate_transaction,duplicate_gateway_transaction,68450,68450,68450,0,True
TXN-000139,missing_bank_settlement,missing_bank_settlement,209350,209350,,0,True
TXN-000140,unexplained_discrepancy,unexplained_discrepancy,99350,99350,92400,0,True
TXN-000141,exact_match,matched,164050,164050,164050,0,False
TXN-000142,gateway_fee_deduction,matched_after_gateway_fee,221600,221600,217611,3989,False
TXN-000143,settlement_timing_difference,matched_after_timing_difference,36600,36600,36600,0,False
TXN-000144,partial_payment,partial_payment,75650,73750,73750,0,True
TXN-000145,duplicate_transaction,duplicate_gateway_transaction,215950,215950,215950,0,True
TXN-000146,missing_bank_settlement,missing_bank_settlement,138350,138350,,0,True
TXN-000147,unexplained_discrepancy,unexplained_discrepancy,94400,94400,94150,0,True
TXN-000148,exact_match,matched,233500,233500,233500,0,False
TXN-000149,gateway_fee_deduction,matched_after_gateway_fee,77800,77800,76400,1400,False
TXN-000150,settlement_timing_difference,matched_after_timing_difference,11500,11500,11500,0,False
TXN-000151,partial_payment,partial_payment,243200,237700,237700,0,True
TXN-000152,duplicate_transaction,duplicate_gateway_transaction,50450,50450,50450,0,True
TXN-000153,missing_bank_settlement,missing_bank_settlement,9550,9550,,0,True
TXN-000154,unexplained_discrepancy,unexplained_discrepancy,57000,57000,48350,0,True
TXN-000155,exact_match,matched,135000,135000,135000,0,False
TXN-000156,gateway_fee_deduction,matched_after_gateway_fee,218250,218250,214322,3928,False
TXN-000157,settlement_timing_difference,matched_after_timing_difference,106600,106600,106600,0,False
TXN-000158,partial_payment,partial_payment,150000,144100,144100,0,True
TXN-000159,duplicate_transaction,duplicate_gateway_transaction,103300,103300,103300,0,True
TXN-000160,missing_bank_settlement,missing_bank_settlement,167000,167000,,0,True
TXN-000161,unexplained_discrepancy,unexplained_discrepancy,134150,134150,124850,0,True
TXN-000162,exact_match,matched,30100,30100,30100,0,False
TXN-000163,gateway_fee_deduction,matched_after_gateway_fee,104600,104600,102717,1883,False
TXN-000164,settlement_timing_difference,matched_after_timing_difference,132250,132250,132250,0,False
TXN-000165,partial_payment,partial_payment,74500,72500,72500,0,True
TXN-000166,duplicate_transaction,duplicate_gateway_transaction,201550,201550,201550,0,True
TXN-000167,missing_bank_settlement,missing_bank_settlement,88450,88450,,0,True
TXN-000168,unexplained_discrepancy,unexplained_discrepancy,95900,95900,88050,0,True
TXN-000169,exact_match,matched,13800,13800,13800,0,False
TXN-000170,gateway_fee_deduction,matched_after_gateway_fee,209150,209150,205385,3765,False
TXN-000171,settlement_timing_difference,matched_after_timing_difference,179650,179650,179650,0,False
TXN-000172,partial_payment,partial_payment,222350,216150,216150,0,True
TXN-000173,duplicate_transaction,duplicate_gateway_transaction,153500,153500,153500,0,True
TXN-000174,missing_bank_settlement,missing_bank_settlement,68050,68050,,0,True
TXN-000175,unexplained_discrepancy,unexplained_discrepancy,45750,45750,37650,0,True
TXN-000176,exact_match,matched,237750,237750,237750,0,False
TXN-000177,gateway_fee_deduction,matched_after_gateway_fee,97750,97750,95991,1759,False
TXN-000178,settlement_timing_difference,matched_after_timing_difference,245750,245750,245750,0,False
TXN-000179,partial_payment,partial_payment,48650,46350,46350,0,True
TXN-000180,duplicate_transaction,duplicate_gateway_transaction,76300,76300,76300,0,True
TXN-000181,missing_bank_settlement,missing_bank_settlement,63500,63500,,0,True
TXN-000182,unexplained_discrepancy,unexplained_discrepancy,101550,101550,91700,0,True
TXN-000183,exact_match,matched,147850,147850,147850,0,False
TXN-000184,gateway_fee_deduction,matched_after_gateway_fee,84350,84350,82832,1518,False
TXN-000185,settlement_timing_difference,matched_after_timing_difference,74000,74000,74000,0,False
TXN-000186,partial_payment,partial_payment,19900,17700,17700,0,True
TXN-000187,duplicate_transaction,duplicate_gateway_transaction,200800,200800,200800,0,True
TXN-000188,missing_bank_settlement,missing_bank_settlement,113550,113550,,0,True
TXN-000189,unexplained_discrepancy,unexplained_discrepancy,47850,47850,46350,0,True
TXN-000190,exact_match,matched,160500,160500,160500,0,False
TXN-000191,gateway_fee_deduction,matched_after_gateway_fee,113800,113800,111752,2048,False
TXN-000192,settlement_timing_difference,matched_after_timing_difference,80500,80500,80500,0,False
TXN-000193,partial_payment,partial_payment,17650,14300,14300,0,True
TXN-000194,duplicate_transaction,duplicate_gateway_transaction,179300,179300,179300,0,True
TXN-000195,missing_bank_settlement,missing_bank_settlement,65250,65250,,0,True
TXN-000196,unexplained_discrepancy,unexplained_discrepancy,84650,84650,77650,0,True
TXN-000197,exact_match,matched,58900,58900,58900,0,False
TXN-000198,gateway_fee_deduction,matched_after_gateway_fee,35800,35800,35156,644,False
TXN-000199,settlement_timing_difference,matched_after_timing_difference,99600,99600,99600,0,False
TXN-000200,partial_payment,partial_payment,99850,96050,96050,0,True
TXN-000201,duplicate_transaction,duplicate_gateway_transaction,57850,57850,57850,0,True
TXN-000202,missing_bank_settlement,missing_bank_settlement,149400,149400,,0,True
TXN-000203,unexplained_discrepancy,unexplained_discrepancy,18150,18150,14450,0,True
TXN-000204,exact_match,matched,232300,232300,232300,0,False
TXN-000205,gateway_fee_deduction,matched_after_gateway_fee,19750,19750,19394,356,False
TXN-000206,settlement_timing_difference,matched_after_timing_difference,166350,166350,166350,0,False
TXN-000207,partial_payment,partial_payment,150300,142900,142900,0,True
TXN-000208,duplicate_transaction,duplicate_gateway_transaction,208300,208300,208300,0,True
TXN-000209,missing_bank_settlement,missing_bank_settlement,94500,94500,,0,True
TXN-000210,unexplained_discrepancy,unexplained_discrepancy,2200,2200,1500,0,True
TXN-000211,exact_match,matched,137050,137050,137050,0,False
TXN-000212,gateway_fee_deduction,matched_after_gateway_fee,130350,130350,128004,2346,False
TXN-000213,settlement_timing_difference,matched_after_timing_difference,233300,233300,233300,0,False
TXN-000214,partial_payment,partial_payment,149650,142050,142050,0,True
TXN-000215,duplicate_transaction,duplicate_gateway_transaction,238450,238450,238450,0,True
TXN-000216,missing_bank_settlement,missing_bank_settlement,231850,231850,,0,True
TXN-000217,unexplained_discrepancy,unexplained_discrepancy,243800,243800,238850,0,True
TXN-000218,exact_match,matched,204050,204050,204050,0,False
TXN-000219,gateway_fee_deduction,matched_after_gateway_fee,10400,10400,10213,187,False
TXN-000220,settlement_timing_difference,matched_after_timing_difference,230650,230650,230650,0,False
TXN-000221,partial_payment,partial_payment,36550,36350,36350,0,True
TXN-000222,duplicate_transaction,duplicate_gateway_transaction,9650,9650,9650,0,True
TXN-000223,missing_bank_settlement,missing_bank_settlement,185300,185300,,0,True
TXN-000224,unexplained_discrepancy,unexplained_discrepancy,86300,86300,83650,0,True
TXN-000225,exact_match,matched,149500,149500,149500,0,False
TXN-000226,gateway_fee_deduction,matched_after_gateway_fee,26750,26750,26269,481,False
TXN-000227,settlement_timing_difference,matched_after_timing_difference,249250,249250,249250,0,False
TXN-000228,partial_payment,partial_payment,80550,72350,72350,0,True
TXN-000229,duplicate_transaction,duplicate_gateway_transaction,17650,17650,17650,0,True
TXN-000230,missing_bank_settlement,missing_bank_settlement,35750,35750,,0,True
TXN-000231,unexplained_discrepancy,unexplained_discrepancy,86450,86450,77000,0,True
TXN-000232,exact_match,matched,192400,192400,192400,0,False
TXN-000233,gateway_fee_deduction,matched_after_gateway_fee,26350,26350,25876,474,False
TXN-000234,settlement_timing_difference,matched_after_timing_difference,3000,3000,3000,0,False
TXN-000235,partial_payment,partial_payment,6650,5300,5300,0,True
TXN-000236,duplicate_transaction,duplicate_gateway_transaction,116650,116650,116650,0,True
TXN-000237,missing_bank_settlement,missing_bank_settlement,40400,40400,,0,True
TXN-000238,unexplained_discrepancy,unexplained_discrepancy,225800,225800,223550,0,True
TXN-000239,exact_match,matched,81500,81500,81500,0,False
TXN-000240,gateway_fee_deduction,matched_after_gateway_fee,66550,66550,65352,1198,False
TXN-000241,settlement_timing_difference,matched_after_timing_difference,128700,128700,128700,0,False
TXN-000242,partial_payment,partial_payment,137500,136050,136050,0,True
TXN-000243,duplicate_transaction,duplicate_gateway_transaction,211550,211550,211550,0,True
TXN-000244,missing_bank_settlement,missing_bank_settlement,45750,45750,,0,True
TXN-000245,unexplained_discrepancy,unexplained_discrepancy,84750,84750,75350,0,True
TXN-000246,exact_match,matched,129200,129200,129200,0,False
TXN-000247,gateway_fee_deduction,matched_after_gateway_fee,198700,198700,195123,3577,False
TXN-000248,settlement_timing_difference,matched_after_timing_difference,194850,194850,194850,0,False
TXN-000249,partial_payment,partial_payment,213250,205450,205450,0,True
TXN-000250,duplicate_transaction,duplicate_gateway_transaction,134200,134200,134200,0,True
TXN-000251,missing_bank_settlement,missing_bank_settlement,59300,59300,,0,True
TXN-000252,unexplained_discrepancy,unexplained_discrepancy,189150,189150,185800,0,True
TXN-000253,exact_match,matched,92050,92050,92050,0,False
TXN-000254,gateway_fee_deduction,matched_after_gateway_fee,12850,12850,12619,231,False
TXN-000255,settlement_timing_difference,matched_after_timing_difference,226850,226850,226850,0,False
TXN-000256,partial_payment,partial_payment,243900,242650,242650,0,True
TXN-000257,duplicate_transaction,duplicate_gateway_transaction,241100,241100,241100,0,True
TXN-000258,missing_bank_settlement,missing_bank_settlement,197550,197550,,0,True
TXN-000259,unexplained_discrepancy,unexplained_discrepancy,122450,122450,116050,0,True
TXN-000260,exact_match,matched,64100,64100,64100,0,False
TXN-000261,gateway_fee_deduction,matched_after_gateway_fee,45550,45550,44730,820,False
TXN-000262,settlement_timing_difference,matched_after_timing_difference,73250,73250,73250,0,False
TXN-000263,partial_payment,partial_payment,149250,146350,146350,0,True
TXN-000264,duplicate_transaction,duplicate_gateway_transaction,209700,209700,209700,0,True
TXN-000265,missing_bank_settlement,missing_bank_settlement,157600,157600,,0,True
TXN-000266,unexplained_discrepancy,unexplained_discrepancy,203450,203450,197900,0,True
TXN-000267,exact_match,matched,27300,27300,27300,0,False
TXN-000268,gateway_fee_deduction,matched_after_gateway_fee,219050,219050,215107,3943,False
TXN-000269,settlement_timing_difference,matched_after_timing_difference,4650,4650,4650,0,False
TXN-000270,partial_payment,partial_payment,29750,19950,19950,0,True
TXN-000271,duplicate_transaction,duplicate_gateway_transaction,192950,192950,192950,0,True
TXN-000272,missing_bank_settlement,missing_bank_settlement,244750,244750,,0,True
TXN-000273,unexplained_discrepancy,unexplained_discrepancy,248650,248650,246750,0,True
TXN-000274,exact_match,matched,249900,249900,249900,0,False
TXN-000275,gateway_fee_deduction,matched_after_gateway_fee,22750,22750,22341,409,False
TXN-000276,settlement_timing_difference,matched_after_timing_difference,169600,169600,169600,0,False
TXN-000277,partial_payment,partial_payment,88150,80300,80300,0,True
TXN-000278,duplicate_transaction,duplicate_gateway_transaction,10800,10800,10800,0,True
TXN-000279,missing_bank_settlement,missing_bank_settlement,241650,241650,,0,True
TXN-000280,unexplained_discrepancy,unexplained_discrepancy,33250,33250,24950,0,True
TXN-000281,exact_match,matched,119250,119250,119250,0,False
TXN-000282,gateway_fee_deduction,matched_after_gateway_fee,29200,29200,28674,526,False
TXN-000283,settlement_timing_difference,matched_after_timing_difference,88850,88850,88850,0,False
TXN-000284,partial_payment,partial_payment,170650,161150,161150,0,True
TXN-000285,duplicate_transaction,duplicate_gateway_transaction,211450,211450,211450,0,True
TXN-000286,missing_bank_settlement,missing_bank_settlement,74900,74900,,0,True
TXN-000287,unexplained_discrepancy,unexplained_discrepancy,140600,140600,133050,0,True
TXN-000288,exact_match,matched,221500,221500,221500,0,False
TXN-000289,gateway_fee_deduction,matched_after_gateway_fee,71000,71000,69722,1278,False
TXN-000290,settlement_timing_difference,matched_after_timing_difference,115300,115300,115300,0,False
TXN-000291,partial_payment,partial_payment,179100,176050,176050,0,True
TXN-000292,duplicate_transaction,duplicate_gateway_transaction,61900,61900,61900,0,True
TXN-000293,missing_bank_settlement,missing_bank_settlement,189900,189900,,0,True
TXN-000294,unexplained_discrepancy,unexplained_discrepancy,220050,220050,218650,0,True
TXN-000295,exact_match,matched,84350,84350,84350,0,False
TXN-000296,gateway_fee_deduction,matched_after_gateway_fee,236150,236150,231899,4251,False
TXN-000297,settlement_timing_difference,matched_after_timing_difference,59100,59100,59100,0,False
TXN-000298,partial_payment,partial_payment,62050,58800,58800,0,True
TXN-000299,duplicate_transaction,duplicate_gateway_transaction,223800,223800,223800,0,True
TXN-000300,missing_bank_settlement,missing_bank_settlement,57350,57350,,0,True
TXN-000301,unexplained_discrepancy,unexplained_discrepancy,75450,75450,67750,0,True
TXN-000302,exact_match,matched,13550,13550,13550,0,False
TXN-000303,gateway_fee_deduction,matched_after_gateway_fee,217150,217150,213241,3909,False
TXN-000304,settlement_timing_difference,matched_after_timing_difference,58450,58450,58450,0,False
TXN-000305,partial_payment,partial_payment,175450,171400,171400,0,True
TXN-000306,duplicate_transaction,duplicate_gateway_transaction,213850,213850,213850,0,True
TXN-000307,missing_bank_settlement,missing_bank_settlement,46800,46800,,0,True
TXN-000308,unexplained_discrepancy,unexplained_discrepancy,144200,144200,143950,0,True
TXN-000309,exact_match,matched,194100,194100,194100,0,False
TXN-000310,gateway_fee_deduction,matched_after_gateway_fee,123200,123200,120982,2218,False
TXN-000311,settlement_timing_difference,matched_after_timing_difference,245600,245600,245600,0,False
TXN-000312,partial_payment,partial_payment,208250,203600,203600,0,True
TXN-000313,duplicate_transaction,duplicate_gateway_transaction,207700,207700,207700,0,True
TXN-000314,missing_bank_settlement,missing_bank_settlement,37700,37700,,0,True
TXN-000315,unexplained_discrepancy,unexplained_discrepancy,177550,177550,175050,0,True
TXN-000316,exact_match,matched,24150,24150,24150,0,False
TXN-000317,gateway_fee_deduction,matched_after_gateway_fee,90250,90250,88626,1624,False
TXN-000318,settlement_timing_difference,matched_after_timing_difference,173100,173100,173100,0,False
TXN-000319,partial_payment,partial_payment,84150,81950,81950,0,True
TXN-000320,duplicate_transaction,duplicate_gateway_transaction,113150,113150,113150,0,True
TXN-000321,missing_bank_settlement,missing_bank_settlement,176450,176450,,0,True
TXN-000322,unexplained_discrepancy,unexplained_discrepancy,179500,179500,177700,0,True
TXN-000323,exact_match,matched,29250,29250,29250,0,False
TXN-000324,gateway_fee_deduction,matched_after_gateway_fee,23400,23400,22979,421,False
TXN-000325,settlement_timing_difference,matched_after_timing_difference,81950,81950,81950,0,False
TXN-000326,partial_payment,partial_payment,210700,209150,209150,0,True
TXN-000327,duplicate_transaction,duplicate_gateway_transaction,42300,42300,42300,0,True
TXN-000328,missing_bank_settlement,missing_bank_settlement,165100,165100,,0,True
TXN-000329,unexplained_discrepancy,unexplained_discrepancy,134800,134800,126300,0,True
TXN-000330,exact_match,matched,99600,99600,99600,0,False
TXN-000331,gateway_fee_deduction,matched_after_gateway_fee,55950,55950,54943,1007,False
TXN-000332,settlement_timing_difference,matched_after_timing_difference,84700,84700,84700,0,False
TXN-000333,partial_payment,partial_payment,220600,212750,212750,0,True
TXN-000334,duplicate_transaction,duplicate_gateway_transaction,142600,142600,142600,0,True
TXN-000335,missing_bank_settlement,missing_bank_settlement,113900,113900,,0,True
TXN-000336,unexplained_discrepancy,unexplained_discrepancy,144800,144800,141950,0,True
TXN-000337,exact_match,matched,169000,169000,169000,0,False
TXN-000338,gateway_fee_deduction,matched_after_gateway_fee,154450,154450,151670,2780,False
TXN-000339,settlement_timing_difference,matched_after_timing_difference,153500,153500,153500,0,False
TXN-000340,partial_payment,partial_payment,237850,231200,231200,0,True
TXN-000341,duplicate_transaction,duplicate_gateway_transaction,35300,35300,35300,0,True
TXN-000342,missing_bank_settlement,missing_bank_settlement,177150,177150,,0,True
TXN-000343,unexplained_discrepancy,unexplained_discrepancy,64350,64350,60700,0,True
TXN-000344,exact_match,matched,86950,86950,86950,0,False
TXN-000345,gateway_fee_deduction,matched_after_gateway_fee,217600,217600,213683,3917,False
TXN-000346,settlement_timing_difference,matched_after_timing_difference,128150,128150,128150,0,False
TXN-000347,partial_payment,partial_payment,51650,46450,46450,0,True
TXN-000348,duplicate_transaction,duplicate_gateway_transaction,95050,95050,95050,0,True
TXN-000349,missing_bank_settlement,missing_bank_settlement,249450,249450,,0,True
TXN-000350,unexplained_discrepancy,unexplained_discrepancy,212450,212450,205100,0,True
TXN-000351,exact_match,matched,93750,93750,93750,0,False
TXN-000352,gateway_fee_deduction,matched_after_gateway_fee,213950,213950,210099,3851,False
TXN-000353,settlement_timing_difference,matched_after_timing_difference,210000,210000,210000,0,False
TXN-000354,partial_payment,partial_payment,158900,158150,158150,0,True
TXN-000355,duplicate_transaction,duplicate_gateway_transaction,248600,248600,248600,0,True
TXN-000356,missing_bank_settlement,missing_bank_settlement,163700,163700,,0,True
TXN-000357,unexplained_discrepancy,unexplained_discrepancy,42450,42450,39650,0,True
TXN-000358,exact_match,matched,150200,150200,150200,0,False
TXN-000359,gateway_fee_deduction,matched_after_gateway_fee,247200,247200,242750,4450,False
TXN-000360,settlement_timing_difference,matched_after_timing_difference,131950,131950,131950,0,False
TXN-000361,partial_payment,partial_payment,231100,226250,226250,0,True
TXN-000362,duplicate_transaction,duplicate_gateway_transaction,32200,32200,32200,0,True
TXN-000363,missing_bank_settlement,missing_bank_settlement,147000,147000,,0,True
TXN-000364,unexplained_discrepancy,unexplained_discrepancy,163550,163550,156150,0,True
TXN-000365,exact_match,matched,124850,124850,124850,0,False
TXN-000366,gateway_fee_deduction,matched_after_gateway_fee,167750,167750,164731,3019,False
TXN-000367,settlement_timing_difference,matched_after_timing_difference,103350,103350,103350,0,False
TXN-000368,partial_payment,partial_payment,211700,206600,206600,0,True
TXN-000369,duplicate_transaction,duplicate_gateway_transaction,150850,150850,150850,0,True
TXN-000370,missing_bank_settlement,missing_bank_settlement,168650,168650,,0,True
TXN-000371,unexplained_discrepancy,unexplained_discrepancy,144300,144300,137150,0,True
TXN-000372,exact_match,matched,197350,197350,197350,0,False
TXN-000373,gateway_fee_deduction,matched_after_gateway_fee,7050,7050,6923,127,False
TXN-000374,settlement_timing_difference,matched_after_timing_difference,64900,64900,64900,0,False
TXN-000375,partial_payment,partial_payment,140200,136950,136950,0,True
TXN-000376,duplicate_transaction,duplicate_gateway_transaction,180200,180200,180200,0,True
TXN-000377,missing_bank_settlement,missing_bank_settlement,243050,243050,,0,True
TXN-000378,unexplained_discrepancy,unexplained_discrepancy,165100,165100,160200,0,True
TXN-000379,exact_match,matched,200500,200500,200500,0,False
TXN-000380,gateway_fee_deduction,matched_after_gateway_fee,137600,137600,135123,2477,False
TXN-000381,settlement_timing_difference,matched_after_timing_difference,209000,209000,209000,0,False
TXN-000382,partial_payment,partial_payment,156350,154150,154150,0,True
TXN-000383,duplicate_transaction,duplicate_gateway_transaction,127350,127350,127350,0,True
TXN-000384,missing_bank_settlement,missing_bank_settlement,205700,205700,,0,True
TXN-000385,unexplained_discrepancy,unexplained_discrepancy,119850,119850,114450,0,True
TXN-000386,exact_match,matched,155800,155800,155800,0,False
TXN-000387,gateway_fee_deduction,matched_after_gateway_fee,103450,103450,101588,1862,False
TXN-000388,settlement_timing_difference,matched_after_timing_difference,39650,39650,39650,0,False
TXN-000389,partial_payment,partial_payment,33800,28550,28550,0,True
TXN-000390,duplicate_transaction,duplicate_gateway_transaction,205950,205950,205950,0,True
TXN-000391,missing_bank_settlement,missing_bank_settlement,236550,236550,,0,True
TXN-000392,unexplained_discrepancy,unexplained_discrepancy,43450,43450,33900,0,True
TXN-000393,exact_match,matched,172000,172000,172000,0,False
TXN-000394,gateway_fee_deduction,matched_after_gateway_fee,119250,119250,117104,2146,False
TXN-000395,settlement_timing_difference,matched_after_timing_difference,16300,16300,16300,0,False
TXN-000396,partial_payment,partial_payment,163250,154000,154000,0,True
TXN-000397,duplicate_transaction,duplicate_gateway_transaction,211300,211300,211300,0,True
TXN-000398,missing_bank_settlement,missing_bank_settlement,84200,84200,,0,True
TXN-000399,unexplained_discrepancy,unexplained_discrepancy,39700,39700,39450,0,True
TXN-000400,exact_match,matched,193000,193000,193000,0,False
TXN-000401,gateway_fee_deduction,matched_after_gateway_fee,42850,42850,42079,771,False
TXN-000402,settlement_timing_difference,matched_after_timing_difference,178850,178850,178850,0,False
TXN-000403,partial_payment,partial_payment,14700,12300,12300,0,True
TXN-000404,duplicate_transaction,duplicate_gateway_transaction,5950,5950,5950,0,True
TXN-000405,missing_bank_settlement,missing_bank_settlement,244400,244400,,0,True
TXN-000406,unexplained_discrepancy,unexplained_discrepancy,145300,145300,140950,0,True
TXN-000407,exact_match,matched,69100,69100,69100,0,False
TXN-000408,gateway_fee_deduction,matched_after_gateway_fee,181500,181500,178233,3267,False
TXN-000409,settlement_timing_difference,matched_after_timing_difference,176900,176900,176900,0,False
TXN-000410,partial_payment,partial_payment,66700,63650,63650,0,True
TXN-000411,duplicate_transaction,duplicate_gateway_transaction,134900,134900,134900,0,True
TXN-000412,missing_bank_settlement,missing_bank_settlement,90200,90200,,0,True
TXN-000413,unexplained_discrepancy,unexplained_discrepancy,117500,117500,109000,0,True
TXN-000414,exact_match,matched,110600,110600,110600,0,False
TXN-000415,gateway_fee_deduction,matched_after_gateway_fee,6550,6550,6432,118,False
TXN-000416,settlement_timing_difference,matched_after_timing_difference,197700,197700,197700,0,False
TXN-000417,partial_payment,partial_payment,237700,230100,230100,0,True
TXN-000418,duplicate_transaction,duplicate_gateway_transaction,91350,91350,91350,0,True
TXN-000419,missing_bank_settlement,missing_bank_settlement,199150,199150,,0,True
TXN-000420,unexplained_discrepancy,unexplained_discrepancy,122700,122700,114300,0,True
TXN-000421,exact_match,matched,105650,105650,105650,0,False
TXN-000422,gateway_fee_deduction,matched_after_gateway_fee,42050,42050,41293,757,False
TXN-000423,settlement_timing_difference,matched_after_timing_difference,177200,177200,177200,0,False
TXN-000424,partial_payment,partial_payment,76950,68950,68950,0,True
TXN-000425,duplicate_transaction,duplicate_gateway_transaction,103400,103400,103400,0,True
TXN-000426,missing_bank_settlement,missing_bank_settlement,242100,242100,,0,True
TXN-000427,unexplained_discrepancy,unexplained_discrepancy,126650,126650,119100,0,True
TXN-000428,exact_match,matched,125750,125750,125750,0,False
TXN-000429,gateway_fee_deduction,matched_after_gateway_fee,16800,16800,16498,302,False
TXN-000430,settlement_timing_difference,matched_after_timing_difference,103650,103650,103650,0,False
TXN-000431,partial_payment,partial_payment,62400,57750,57750,0,True
TXN-000432,duplicate_transaction,duplicate_gateway_transaction,19800,19800,19800,0,True
TXN-000433,missing_bank_settlement,missing_bank_settlement,199500,199500,,0,True
TXN-000434,unexplained_discrepancy,unexplained_discrepancy,210150,210150,208550,0,True
TXN-000435,exact_match,matched,192200,192200,192200,0,False
TXN-000436,gateway_fee_deduction,matched_after_gateway_fee,80400,80400,78953,1447,False
TXN-000437,settlement_timing_difference,matched_after_timing_difference,120600,120600,120600,0,False
TXN-000438,partial_payment,partial_payment,72800,70150,70150,0,True
TXN-000439,duplicate_transaction,duplicate_gateway_transaction,196000,196000,196000,0,True
TXN-000440,missing_bank_settlement,missing_bank_settlement,66850,66850,,0,True
TXN-000441,unexplained_discrepancy,unexplained_discrepancy,100200,100200,100100,0,True
TXN-000442,exact_match,matched,19750,19750,19750,0,False
TXN-000443,gateway_fee_deduction,matched_after_gateway_fee,226400,226400,222325,4075,False
TXN-000444,settlement_timing_difference,matched_after_timing_difference,156950,156950,156950,0,False
TXN-000445,partial_payment,partial_payment,35450,31400,31400,0,True
TXN-000446,duplicate_transaction,duplicate_gateway_transaction,226700,226700,226700,0,True
TXN-000447,missing_bank_settlement,missing_bank_settlement,74500,74500,,0,True
TXN-000448,unexplained_discrepancy,unexplained_discrepancy,209400,209400,201250,0,True
TXN-000449,exact_match,matched,36250,36250,36250,0,False
TXN-000450,gateway_fee_deduction,matched_after_gateway_fee,47000,47000,46154,846,False
TXN-000451,settlement_timing_difference,matched_after_timing_difference,131450,131450,131450,0,False
TXN-000452,partial_payment,partial_payment,73350,71250,71250,0,True
TXN-000453,duplicate_transaction,duplicate_gateway_transaction,53800,53800,53800,0,True
TXN-000454,missing_bank_settlement,missing_bank_settlement,160000,160000,,0,True
TXN-000455,unexplained_discrepancy,unexplained_discrepancy,56500,56500,50300,0,True
TXN-000456,exact_match,matched,233000,233000,233000,0,False
TXN-000457,gateway_fee_deduction,matched_after_gateway_fee,58050,58050,57005,1045,False
TXN-000458,settlement_timing_difference,matched_after_timing_difference,229400,229400,229400,0,False
TXN-000459,partial_payment,partial_payment,221600,220350,220350,0,True
TXN-000460,duplicate_transaction,duplicate_gateway_transaction,130550,130550,130550,0,True
TXN-000461,missing_bank_settlement,missing_bank_settlement,200900,200900,,0,True
TXN-000462,unexplained_discrepancy,unexplained_discrepancy,160400,160400,156800,0,True
TXN-000463,exact_match,matched,231950,231950,231950,0,False
TXN-000464,gateway_fee_deduction,matched_after_gateway_fee,91500,91500,89853,1647,False
TXN-000465,settlement_timing_difference,matched_after_timing_difference,95200,95200,95200,0,False
TXN-000466,partial_payment,partial_payment,46850,40800,40800,0,True
TXN-000467,duplicate_transaction,duplicate_gateway_transaction,67600,67600,67600,0,True
TXN-000468,missing_bank_settlement,missing_bank_settlement,203750,203750,,0,True
TXN-000469,unexplained_discrepancy,unexplained_discrepancy,113800,113800,111100,0,True
TXN-000470,exact_match,matched,220550,220550,220550,0,False
TXN-000471,gateway_fee_deduction,matched_after_gateway_fee,157500,157500,154665,2835,False
TXN-000472,settlement_timing_difference,matched_after_timing_difference,73150,73150,73150,0,False
TXN-000473,partial_payment,partial_payment,54700,49050,49050,0,True
TXN-000474,duplicate_transaction,duplicate_gateway_transaction,101000,101000,101000,0,True
TXN-000475,missing_bank_settlement,missing_bank_settlement,66900,66900,,0,True
TXN-000476,unexplained_discrepancy,unexplained_discrepancy,4650,4650,3650,0,True
TXN-000477,exact_match,matched,70350,70350,70350,0,False
TXN-000478,gateway_fee_deduction,matched_after_gateway_fee,211300,211300,207497,3803,False
TXN-000479,settlement_timing_difference,matched_after_timing_difference,105600,105600,105600,0,False
TXN-000480,partial_payment,partial_payment,113900,111600,111600,0,True
TXN-000481,duplicate_transaction,duplicate_gateway_transaction,188400,188400,188400,0,True
TXN-000482,missing_bank_settlement,missing_bank_settlement,25750,25750,,0,True
TXN-000483,unexplained_discrepancy,unexplained_discrepancy,30000,30000,20100,0,True
TXN-000484,exact_match,matched,139300,139300,139300,0,False
TXN-000485,gateway_fee_deduction,matched_after_gateway_fee,238950,238950,234649,4301,False
TXN-000486,settlement_timing_difference,matched_after_timing_difference,53200,53200,53200,0,False
TXN-000487,partial_payment,partial_payment,249700,246850,246850,0,True
TXN-000488,duplicate_transaction,duplicate_gateway_transaction,29200,29200,29200,0,True
TXN-000489,missing_bank_settlement,missing_bank_settlement,55200,55200,,0,True
TXN-000490,unexplained_discrepancy,unexplained_discrepancy,243900,243900,238750,0,True
TXN-000491,exact_match,matched,242700,242700,242700,0,False
TXN-000492,gateway_fee_deduction,matched_after_gateway_fee,113150,113150,111113,2037,False
TXN-000493,settlement_timing_difference,matched_after_timing_difference,37750,37750,37750,0,False
TXN-000494,partial_payment,partial_payment,236550,230600,230600,0,True
TXN-000495,duplicate_transaction,duplicate_gateway_transaction,39350,39350,39350,0,True
TXN-000496,missing_bank_settlement,missing_bank_settlement,26450,26450,,0,True
TXN-000497,unexplained_discrepancy,unexplained_discrepancy,117600,117600,115000,0,True
TXN-000498,exact_match,matched,44050,44050,44050,0,False
TXN-000499,gateway_fee_deduction,matched_after_gateway_fee,144500,144500,141899,2601,False
TXN-000500,settlement_timing_difference,matched_after_timing_difference,119900,119900,119900,0,False
